# Serie prezzi con errori accertati, escluse dallo studio.
#
# QUESTO FILE FA PARTE DEL METODO. Viene applicato dalla pipeline PRIMA di
# qualunque calcolo, finisce nel manifest del dataset e nei caveats dell'export.
# Ogni riga deve avere un motivo verificabile: non si esclude un titolo perche'
# "peggiora il risultato", si esclude perche' il dato e' dimostrabilmente rotto.
#
# Formato:  ticker,start_date,end_date,reason
# Date vuote = intera serie. Preferire SEMPRE una finestra stretta intorno
# all'evento: scartare anni di dati validi introduce un bias peggiore di quello
# che si vuole correggere.
#
# Per trovare i candidati:  python -m pipeline.find_bad_series
#
ticker,start_date,end_date,reason
RAI,2004-06-01,2004-12-31,"Reynolds American: fusione R.J. Reynolds / Brown & Williamson efficace il 30-07-2004. Il concambio non e' gestito nel fattore di rettifica; la serie produce un +41,8% mensile fittizio sul paniere Testa Corsa (agosto 2004), pari al 110% del P&L di quel mese."
RRD,2001-10-01,2002-04-30,"R.R. Donnelley & Sons: la serie rettificata produce un movimento di ordini di grandezza in gennaio 2002. Attribuzione: 63.433 USD di P&L su un paniere di ~800 posizioni da poche centinaia di dollari ciascuna, pari al 97,2% del mese e a un +64,6% sull'universo eleggibile. Impossibile come evento societario; firma tipica del prezzo rettificato che collassa verso zero e rimbalza. VERIFICARE con find_bad_series se l'intervallo sospetto e' piu' ampio di questa finestra."
ACS,2008-06-01,2008-12-31,"Affiliated Computer Services: salto di prezzo in agosto 2008 rientrato quasi esattamente a settembre. Attribuzione sul paniere Q5 in ritracciamento: +284.555 USD (131,2% del mese) ad agosto, -289.081 USD (96,5%) a settembre, su un capitale di 100.000 USD. Importi opposti in mesi consecutivi: nessun evento societario si comporta cosi', e' un prezzo errato che rientra. Agosto 2008 fu peraltro un mese di mercato ordinario."
